instantid,instant
1,2020-06-01 21:44:49.709717+02
2,2020-06-06 01:09:46.756569+02
3,2020-06-02 09:23:47.01265+02
4,2020-06-03 19:45:26.880351+02
5,2020-06-06 23:50:37.821979+02
6,2020-06-05 06:20:39.881892+02
7,2020-06-03 23:27:35.094863+02
8,2020-06-07 01:55:02.695356+02
9,2020-06-10 03:19:31.530931+02
10,2020-06-02 07:29:31.40646+02
11,2020-06-01 01:17:56.475136+02
12,2020-06-10 16:09:38.90966+02
13,2020-06-07 06:35:05.556855+02
14,2020-06-08 10:21:40.758555+02
15,2020-06-06 12:06:55.084251+02
16,2020-06-01 10:40:40.189497+02
17,2020-06-03 21:43:24.094119+02
18,2020-06-07 16:21:51.717996+02
19,2020-06-01 03:31:49.319809+02
20,2020-06-10 02:09:16.655234+02
21,2020-06-03 22:30:58.150019+02
22,2020-06-03 12:45:21.905616+02
23,2020-06-11 04:34:32.946744+02
24,2020-06-10 09:52:03.740487+02
25,2020-06-06 03:33:59.508441+02
26,2020-06-10 16:35:51.776687+02
27,2020-06-01 13:08:12.399207+02
28,2020-06-02 22:26:07.020052+02
29,2020-06-03 00:06:45.988618+02
30,2020-06-03 13:35:42.633452+02
31,2020-06-05 21:37:01.035+02
32,2020-06-10 22:35:38.22674+02
33,2020-06-07 12:27:09.315899+02
34,2020-06-05 17:52:40.770676+02
35,2020-06-07 13:00:20.876173+02
36,2020-06-11 23:45:12.530676+02
37,2020-06-07 13:36:45.358743+02
38,2020-06-03 09:09:40.499755+02
39,2020-06-06 21:08:31.231276+02
40,2020-06-11 22:43:38.631659+02
41,2020-06-07 22:22:33.608583+02
42,2020-06-08 09:02:35.206256+02
43,2020-06-10 12:53:35.355044+02
44,2020-06-04 16:33:54.197294+02
45,2020-06-11 16:06:28.75187+02
46,2020-06-10 12:17:30.667469+02
47,2020-06-05 18:48:09.157379+02
48,2020-06-10 05:13:01.945095+02
49,2020-06-03 04:27:16.720758+02
50,2020-06-11 21:42:59.470219+02
51,2020-06-04 08:01:41.678994+02
52,2020-06-02 16:29:52.774004+02
53,2020-06-05 14:38:18.445513+02
54,2020-06-11 22:33:43.613416+02
55,2020-06-07 10:12:35.267742+02
56,2020-06-11 05:59:07.395502+02
57,2020-06-03 01:01:17.583039+02
58,2020-06-11 15:14:55.37616+02
59,2020-06-08 23:30:29.036796+02
60,2020-06-01 04:35:23.956931+02
61,2020-06-03 17:27:55.240506+02
62,2020-06-02 07:52:08.72531+02
63,2020-06-03 21:50:23.339807+02
64,2020-06-04 01:29:47.235257+02
65,2020-06-05 08:48:41.441254+02
66,2020-06-10 07:15:15.943587+02
67,2020-06-01 13:28:58.419291+02
68,2020-06-06 14:44:24.612374+02
69,2020-06-07 02:30:10.419269+02
70,2020-06-07 19:12:55.073488+02
71,2020-06-01 09:40:59.773391+02
72,2020-06-03 17:08:29.989542+02
73,2020-06-08 13:57:59.627782+02
74,2020-06-02 01:45:29.477525+02
75,2020-06-08 17:56:49.273597+02
76,2020-06-10 01:44:01.358604+02
77,2020-06-10 10:39:35.967241+02
78,2020-06-02 03:08:03.211251+02
79,2020-06-05 12:47:49.296578+02
80,2020-06-08 21:18:39.134935+02
81,2020-06-07 09:39:53.699558+02
82,2020-06-10 02:48:47.20799+02
83,2020-06-06 05:21:52.99887+02
84,2020-06-10 09:48:39.805396+02
85,2020-06-04 21:28:26.692886+02
86,2020-06-03 20:01:00.542971+02
87,2020-06-04 20:17:15.87595+02
88,2020-06-02 20:01:55.136715+02
89,2020-06-10 01:02:57.889676+02
90,2020-06-05 07:30:21.277361+02
91,2020-06-11 21:04:44.623104+02
92,2020-06-07 21:23:05.05461+02
93,2020-06-04 01:59:13.367509+02
94,2020-06-08 10:03:40.295639+02
95,2020-06-04 21:53:59.605284+02
96,2020-06-09 09:54:01.273404+02
97,2020-06-10 04:14:20.047258+02
98,2020-06-06 00:54:49.730575+02
99,2020-06-10 15:21:37.347537+02
100,2020-06-01 23:46:50.577164+02
